{"улица Ауэзова": [[51.73193, 75.30003], [51.73201, 75.30041], [51.73218, 75.3013], [51.73235, 75.30224], [51.73251, 75.30308], [51.73269, 75.30399], [51.73286, 75.30491], [51.73302, 75.30574], [51.7332, 75.30668], [51.73337, 75.30758], [51.73353, 75.30842], [51.73371, 75.30935], [51.73234, 75.31002], [51.73176, 75.31028], [51.73138, 75.31046], [51.73102, 75.31064], [51.73072, 75.31079], [51.73096, 75.31202], [51.73123, 75.31345], [51.73072, 75.31079], [51.73039, 75.31096], [51.72973, 75.31127], [51.73018, 75.31372], [51.73027, 75.31418], [51.72948, 75.31455], [51.72871, 75.31492], [51.72788, 75.31531], [51.72784, 75.31531], [51.72777, 75.31527], [51.72767, 75.31521], [51.72757, 75.3152], [51.72765, 75.31556], [51.7278, 75.31634], [51.72811, 75.31795], [51.72817, 75.31831], [51.72832, 75.31901], [51.72856, 75.32027], [51.72898, 75.32253], [51.7292, 75.32369], [51.72926, 75.32366], [51.72941, 75.32358], [51.7295, 75.32354], [51.72962, 75.32419], [51.72962, 75.32419], [51.72963, 75.32429], [51.72962, 75.32437], [51.72957, 75.32446], [51.72945, 75.32457], [51.72926, 75.32366], [51.7292, 75.32369], [51.72967, 75.32618], [51.72976, 75.32658], [51.72985, 75.32706], [51.73037, 75.32969], [51.73047, 75.3302], [51.73084, 75.33203], [51.73129, 75.33469], [51.73083, 75.33493], [51.7306, 75.33505], [51.73001, 75.33534], [51.72985, 75.33542], [51.72928, 75.33569], [51.72919, 75.33573], [51.72915, 75.33575], [51.72897, 75.33584], [51.72898, 75.336]], "улица Энергетиков": [[51.72804, 75.30524], [51.72598, 75.30623], [51.72582, 75.3054], [51.72564, 75.30447], [51.72557, 75.3045], [51.72564, 75.30486], [51.72605, 75.30699], [51.72641, 75.30896], [51.72707, 75.31247], [51.72757, 75.3152], [51.72765, 75.31556], [51.7278, 75.31634], [51.72811, 75.31795], [51.72818, 75.31791], [51.72801, 75.317], [51.72788, 75.3163], [51.7278, 75.31634], [51.72811, 75.31795], [51.72817, 75.31831], [51.72832, 75.31901], [51.72856, 75.32027], [51.72898, 75.32253], [51.7292, 75.32369], [51.72967, 75.32618], [51.72976, 75.32658], [51.72953, 75.32669], [51.7286, 75.32714], [51.72808, 75.32739], [51.72791, 75.32746], [51.72776, 75.32754], [51.728, 75.32889], [51.72802, 75.32899]], "проспект Назарбаева": [[51.72621, 75.30989], [51.72606, 75.30915], [51.72612, 75.30912], [51.72617, 75.30909], [51.72641, 75.30896], [51.72707, 75.31247], [51.72714, 75.31243], [51.72695, 75.31143], [51.72665, 75.30984], [51.72676, 75.30978], [51.7271, 75.30962], [51.72833, 75.30902], [51.72892, 75.31179], [51.72859, 75.31023], [51.72833, 75.30902], [51.72922, 75.30857], [51.7306, 75.30797], [51.73067, 75.30793], [51.73184, 75.30736], [51.73201, 75.30826], [51.73217, 75.30908], [51.73234, 75.31002], [51.73295, 75.30972]], "улица Машхур-Жусупа": [[51.7271, 75.31995], [51.72704, 75.31963], [51.72706, 75.31961], [51.72807, 75.31914], [51.72821, 75.31907], [51.72832, 75.31901], [51.72856, 75.32027], [51.72898, 75.32253], [51.7292, 75.32369], [51.72926, 75.32366], [51.72941, 75.32358], [51.7295, 75.32354], [51.73039, 75.32315], [51.73047, 75.32308], [51.73051, 75.323], [51.73051, 75.32283], [51.73038, 75.322], [51.73024, 75.32119], [51.73013, 75.32052], [51.73012, 75.32043], [51.73015, 75.32037], [51.73015, 75.32037], [51.73164, 75.31965], [51.7317, 75.31966], [51.73173, 75.31971], [51.73184, 75.32025], [51.73189, 75.32031], [51.73195, 75.32034], [51.73203, 75.32037], [51.73207, 75.32046], [51.73216, 75.3208], [51.73227, 75.32102], [51.73235, 75.32109], [51.73242, 75.32114], [51.73253, 75.32111], [51.73262, 75.3211], [51.73269, 75.32115], [51.73292, 75.32163], [51.73317, 75.32151], [51.73354, 75.32134], [51.73392, 75.32111], [51.73406, 75.32103], [51.73409, 75.32097], [51.7341, 75.3209], [51.73394, 75.32003]]}