{"проспект Аль-Фараби": [[53.21002, 63.60495], [53.2101, 63.60505], [53.21004, 63.60531], [53.20995, 63.60569], [53.21009, 63.60589], [53.21018, 63.60599], [53.20982, 63.6067], [53.20943, 63.60747], [53.20927, 63.60777], [53.20939, 63.60794], [53.20948, 63.60807], [53.20965, 63.60832], [53.20971, 63.6084], [53.20986, 63.60862], [53.21004, 63.60888], [53.21006, 63.60891], [53.21122, 63.61059], [53.21136, 63.61079], [53.21241, 63.61231], [53.21247, 63.61239], [53.21266, 63.61267], [53.2127, 63.61273], [53.21317, 63.61341], [53.21339, 63.61373], [53.21348, 63.61387], [53.21381, 63.61435], [53.21394, 63.61452], [53.21389, 63.61462], [53.21312, 63.61611], [53.21304, 63.61627], [53.21313, 63.6164], [53.214, 63.61762], [53.21434, 63.6181], [53.2143, 63.61833], [53.21429, 63.61835], [53.21355, 63.61982], [53.21342, 63.62008], [53.21268, 63.62153], [53.21265, 63.62148], [53.21183, 63.62034], [53.21141, 63.61974], [53.21133, 63.61964], [53.2112, 63.6199], [53.21116, 63.61997], [53.21084, 63.62062], [53.21036, 63.62154], [53.20968, 63.6229], [53.20953, 63.62319], [53.20938, 63.62349], [53.20905, 63.62415], [53.20862, 63.62499], [53.20861, 63.62502], [53.20844, 63.62535], [53.20796, 63.62629], [53.20762, 63.62696], [53.20815, 63.62772], [53.2087, 63.62847], [53.20898, 63.62884], [53.20939, 63.62942], [53.20978, 63.62996], [53.20988, 63.63009], [53.21035, 63.63074], [53.21092, 63.63157], [53.21117, 63.63192], [53.21159, 63.63253], [53.21165, 63.63261], [53.21176, 63.63277], [53.21181, 63.63284], [53.21238, 63.63368], [53.21291, 63.63445], [53.21305, 63.63466], [53.21316, 63.63482], [53.21369, 63.63559], [53.21409, 63.63617], [53.2143, 63.63647], [53.2144, 63.63662], [53.2143, 63.63682], [53.21362, 63.63811], [53.21358, 63.63819], [53.21348, 63.63837], [53.21344, 63.63846], [53.21342, 63.63852], [53.21308, 63.63915], [53.21303, 63.63924], [53.2127, 63.63989], [53.21259, 63.64009], [53.21255, 63.64018], [53.21271, 63.64041], [53.21379, 63.64198], [53.21384, 63.64206], [53.214, 63.6422], [53.21522, 63.64399], [53.21535, 63.64417], [53.21587, 63.64492], [53.21662, 63.64602], [53.21741, 63.64704], [53.217, 63.6479], [53.21664, 63.64866], [53.2165, 63.64896], [53.21601, 63.65001]], "улица Байтурсынова": [[53.20513, 63.61477], [53.20515, 63.6148], [53.20533, 63.61507], [53.20543, 63.61524], [53.20547, 63.61529], [53.20679, 63.61724], [53.20737, 63.61804], [53.20759, 63.61834], [53.20771, 63.61851], [53.2082, 63.61917], [53.20839, 63.61931], [53.20866, 63.61943], [53.20889, 63.61958], [53.20906, 63.61976], [53.20912, 63.61958], [53.20919, 63.6194], [53.20953, 63.61872], [53.20961, 63.61858], [53.20988, 63.61804], [53.20994, 63.61792], [53.21001, 63.61778], [53.21077, 63.61629], [53.21084, 63.61615], [53.21091, 63.61601], [53.21077, 63.6158], [53.21029, 63.61512], [53.21015, 63.61539], [53.21, 63.61526], [53.21, 63.61526], [53.21015, 63.61539], [53.21063, 63.61608], [53.21067, 63.61614], [53.21077, 63.61629], [53.21084, 63.61615], [53.21091, 63.61601], [53.21172, 63.61441], [53.21186, 63.6146], [53.21195, 63.61472], [53.21295, 63.61614], [53.21304, 63.61627], [53.21313, 63.6164], [53.214, 63.61762], [53.21434, 63.6181], [53.21448, 63.61832], [53.21454, 63.6184], [53.21518, 63.61929], [53.21537, 63.61955], [53.21568, 63.61999], [53.21578, 63.62013], [53.21585, 63.62001], [53.21587, 63.61997], [53.21594, 63.61984], [53.21663, 63.61849], [53.21669, 63.61838], [53.21674, 63.61827], [53.21713, 63.61751], [53.2175, 63.61679], [53.21757, 63.61665], [53.21764, 63.61652], [53.21682, 63.61536], [53.21636, 63.6147], [53.21713, 63.61319], [53.21721, 63.61304], [53.21726, 63.61294], [53.21719, 63.61283], [53.2171, 63.6127], [53.21611, 63.6113], [53.21579, 63.61086], [53.21598, 63.61048], [53.21618, 63.61009], [53.21657, 63.6093], [53.21661, 63.60923], [53.21663, 63.60919], [53.21678, 63.60886], [53.21681, 63.60881], [53.21683, 63.60876], [53.21703, 63.60832], [53.21716, 63.60814], [53.21725, 63.60803], [53.21749, 63.60774], [53.21779, 63.60745], [53.21838, 63.60693], [53.21901, 63.60636], [53.21905, 63.60632], [53.21913, 63.60625], [53.21925, 63.60646], [53.21963, 63.60717], [53.21989, 63.60757], [53.21991, 63.6076], [53.22051, 63.60848], [53.2209, 63.60907], [53.22096, 63.60916], [53.22112, 63.60938], [53.22127, 63.6096], [53.22134, 63.6097], [53.2216, 63.61007], [53.22183, 63.61041], [53.22204, 63.61069], [53.2221, 63.61078], [53.22227, 63.61103], [53.22251, 63.61138], [53.22265, 63.61158], [53.22288, 63.61191], [53.22321, 63.61238], [53.22324, 63.61242], [53.2237, 63.61307], [53.22373, 63.61312], [53.22382, 63.61325], [53.22398, 63.61347], [53.22394, 63.61355], [53.22339, 63.61462], [53.22312, 63.61514], [53.22309, 63.6152], [53.22298, 63.61504]], "улица Гоголя": [[53.207, 63.63], [53.20723, 63.63033], [53.20732, 63.63016], [53.20747, 63.63014], [53.20752, 63.63006], [53.20767, 63.6298], [53.20817, 63.6305], [53.20834, 63.63015], [53.20854, 63.62974], [53.20872, 63.62937], [53.20898, 63.62884], [53.20939, 63.62942], [53.20978, 63.62996], [53.20988, 63.63009], [53.21035, 63.63074], [53.21092, 63.63157], [53.211, 63.6314], [53.21107, 63.63129], [53.21127, 63.63089], [53.21147, 63.63062], [53.21162, 63.63041], [53.21181, 63.63014], [53.21195, 63.62996], [53.21196, 63.62994], [53.21216, 63.62958], [53.21182, 63.6291], [53.21216, 63.62958], [53.21195, 63.62996], [53.21181, 63.63014], [53.21162, 63.63041], [53.21147, 63.63062], [53.21127, 63.63089], [53.21107, 63.63129], [53.211, 63.6314], [53.21092, 63.63157], [53.21117, 63.63192], [53.21159, 63.63253], [53.21165, 63.63261], [53.21176, 63.63277], [53.21181, 63.63284], [53.21238, 63.63368], [53.21291, 63.63445], [53.21305, 63.63466], [53.21316, 63.63482], [53.21409, 63.63617], [53.2143, 63.63647], [53.2144, 63.63662], [53.21449, 63.63644], [53.21532, 63.63483], [53.21535, 63.63476], [53.21539, 63.63467], [53.21544, 63.63458], [53.21546, 63.63453], [53.21551, 63.63443], [53.21568, 63.6341], [53.21616, 63.63315], [53.21634, 63.6328], [53.21651, 63.63247], [53.21689, 63.63176], [53.2171, 63.63135], [53.21717, 63.63121], [53.21728, 63.631], [53.21756, 63.63044], [53.218, 63.62956], [53.21802, 63.62951], [53.21813, 63.62929], [53.21823, 63.62942], [53.21846, 63.62975], [53.21856, 63.62989], [53.21863, 63.62975], [53.2188, 63.62942], [53.21909, 63.62983]],