{"проспект Абая": [[44.84496, 65.47958], [44.84498, 65.47948], [44.84515, 65.47883], [44.84536, 65.47802], [44.84599, 65.47827], [44.84574, 65.47955], [44.84542, 65.48114], [44.845, 65.48331], [44.84479, 65.4844], [44.84455, 65.48573], [44.84444, 65.48638], [44.84427, 65.48734], [44.84428, 65.48741], [44.84422, 65.48788], [44.8441, 65.48865], [44.84409, 65.48878], [44.84407, 65.48887], [44.84405, 65.489], [44.84402, 65.48908], [44.84403, 65.48917], [44.844, 65.48926], [44.84398, 65.48929], [44.84393, 65.48937], [44.84381, 65.4895], [44.8437, 65.48963], [44.84252, 65.49094], [44.84208, 65.49142], [44.84194, 65.49158], [44.84191, 65.49161], [44.84182, 65.49169], [44.84187, 65.49184], [44.84229, 65.49309], [44.84255, 65.49385], [44.8426, 65.49397], [44.84276, 65.49446], [44.8432, 65.49575], [44.84322, 65.4958], [44.84332, 65.49578], [44.84337, 65.49578], [44.84374, 65.49573], [44.84371, 65.49519], [44.84377, 65.49518], [44.84422, 65.4951], [44.84441, 65.49494], [44.84422, 65.4951], [44.84401, 65.49514], [44.84377, 65.49518], [44.84371, 65.49519], [44.84374, 65.49573], [44.84337, 65.49578], [44.84332, 65.49578], [44.84322, 65.4958], [44.84344, 65.49646], [44.84376, 65.49742], [44.84405, 65.4983], [44.8444, 65.49932], [44.84447, 65.49956], [44.84496, 65.50106], [44.84498, 65.50112], [44.84502, 65.50127], [44.84523, 65.50193], [44.84546, 65.50266], [44.84577, 65.50365], [44.84592, 65.50412], [44.84588, 65.50417], [44.84585, 65.50422], [44.84583, 65.50429], [44.84582, 65.50439], [44.84583, 65.50448], [44.84573, 65.50477], [44.84531, 65.50539], [44.84474, 65.50633], [44.84431, 65.50704], [44.84427, 65.5071], [44.84404, 65.50734], [44.84373, 65.50756], [44.84343, 65.50764], [44.84294, 65.50778], [44.84296, 65.50789], [44.84308, 65.50896], [44.84321, 65.51003], [44.84301, 65.51008], [44.84121, 65.51052], [44.8406, 65.51067], [44.84065, 65.51102], [44.84073, 65.51171], [44.84078, 65.51206], [44.84083, 65.51242], [44.84085, 65.51263], [44.84087, 65.51278], [44.84096, 65.51347], [44.841, 65.5138], [44.84102, 65.51394], [44.84114, 65.51484], [44.84121, 65.51508], [44.84174, 65.51573], [44.84181, 65.51582], [44.84204, 65.51611], [44.84259, 65.51677], [44.84265, 65.51683], [44.84283, 65.51706], [44.84323, 65.51758], [44.84379, 65.51829], [44.84209, 65.5209], [44.84045, 65.52345], [44.84062, 65.52365], [44.8408, 65.52388], [44.84095, 65.52406], [44.8412, 65.52438], [44.8418, 65.52513], [44.84195, 65.52492]], "улица Желтоксан": [[44.84006, 65.48473], [44.84015, 65.48477], [44.84038, 65.48466], [44.84038, 65.48454], [44.84045, 65.48457], [44.84076, 65.48457], [44.84077, 65.48605], [44.84076, 65.48654], [44.84078, 65.48875], [44.8408, 65.49], [44.84082, 65.4902], [44.84082, 65.49027], [44.84083, 65.49036], [44.8409, 65.49079], [44.84098, 65.49137], [44.8411, 65.49214], [44.84094, 65.4923], [44.84091, 65.49233], [44.84053, 65.4925], [44.84008, 65.49271], [44.84008, 65.4929], [44.84006, 65.4934], [44.84005, 65.49396], [44.84003, 65.4948], [44.84002, 65.4952], [44.83998, 65.49641], [44.83996, 65.49688], [44.83994, 65.49789], [44.83993, 65.49826], [44.83992, 65.49871], [44.8399, 65.49953], [44.83989, 65.49981], [44.84002, 65.49984], [44.84019, 65.49987], [44.8402, 65.50022], [44.84019, 65.49987], [44.83989, 65.49981], [44.83987, 65.50044], [44.83987, 65.50054], [44.83986, 65.50103], [44.83986, 65.5011], [44.83985, 65.50114], [44.83985, 65.50128], [44.83984, 65.50155], [44.83982, 65.50284], [44.83982, 65.50328], [44.83983, 65.5042], [44.83984, 65.50437], [44.83987, 65.50476], [44.83989, 65.50498], [44.83993, 65.5053], [44.84024, 65.50768], [44.84033, 65.50839], [44.84034, 65.50847], [44.84036, 65.50859], [44.84037, 65.50865], [44.84047, 65.50953], [44.84048, 65.50962], [44.8406, 65.51067], [44.84065, 65.51102], [44.84073, 65.51171], [44.84078, 65.51206], [44.84083, 65.51242], [44.84085, 65.51263], [44.84087, 65.51278], [44.84096, 65.51347], [44.841, 65.5138], [44.84102, 65.51394], [44.84114, 65.51484], [44.84001, 65.5151]], "улица Коркыт-ата": [[44.838, 65.49], [44.83824, 65.48939], [44.8383, 65.4893], [44.8388, 65.48861], [44.83901, 65.48831], [44.84078, 65.48875], [44.8408, 65.49], [44.84082, 65.4902], [44.84097, 65.49016], [44.84109, 65.49012], [44.84117, 65.49018], [44.84149, 65.49008], [44.84144, 65.48985], [44.84149, 65.49008], [44.84117, 65.49018], [44.84109, 65.49012], [44.84102, 65.49014], [44.84097, 65.49016], [44.84082, 65.4902], [44.84082, 65.49027], [44.84083, 65.49036], [44.8409, 65.49079], [44.84098, 65.49137], [44.8411, 65.49214], [44.84112, 65.49232], [44.84126, 65.49223], [44.84184, 65.49185], [44.84187, 65.49184], [44.84196, 65.49175], [44.84259, 65.49106], [44.84338, 65.49017], [44.84377, 65.48974], [44.84387, 65.48963], [44.844, 65.48949], [44.84407, 65.48941], [44.84413, 65.48935], [44.84421, 65.48932], [44.84424, 65.4893], [44.84439, 65.48923], [44.84443, 65.48922], [44.8445, 65.4892], [44.8447, 65.4892], [44.84486, 65.48926], [44.84548, 65.4895], [44.84557, 65.48954], [44.84599, 65.48971], [44.84593, 65.48997], [44.84593, 65.48997], [44.84586, 65.48996], [44.84593, 65.48997], [44.84599, 65.48971], [44.84623, 65.4898], [44.84633, 65.48984], [44.84636, 65.48984], [44.84704, 65.4901], [44.84738, 65.49022], [44.84839, 65.49054], [44.84872, 65.49063], [44.84881, 65.49065], [44.84908, 65.49072], [44.84983, 65.49091], [44.84993, 65.49017]], "улица Ватутина": [[44.83904, 65.5054], [44.83916, 65.50537], [44.83919, 65.50539], [44.83922, 65.50548], [44.83993, 65.5053], [44.83989, 65.50498], [44.83987, 65.50476], [44.84124, 65.50443], [44.84216, 65.50421], [44.8422, 65.50458], [44.84224, 65.50495], [44.8423, 65.50552], [44.84256, 65.50787], [44.84258, 65.50799], [44.84296, 65.50789], [44.84332, 65.50781], [44.84364, 65.50773], [44.84386, 65.5076], [44.84406, 65.50747], [44.84424, 65.50728], [44.84435, 65.50715], [44.84441, 65.50705], [44.8448, 65.5064], [44.84572, 65.50494], [44.84577, 65.50486], [44.84585, 65.5048], [44.84607, 65.50468], [44.84611, 65.50467], [44.8462, 65.50478], [44.84631, 65.5049], [44.847, 65.50498]]}