{"улица 1 Мая": [[52.28453, 76.94005], [52.28455, 76.94069], [52.28456, 76.94103], [52.28463, 76.94232], [52.28466, 76.94294], [52.28468, 76.94336], [52.2847, 76.94381], [52.28471, 76.94412], [52.28478, 76.94553], [52.28489, 76.94772], [52.28683, 76.94763], [52.28688, 76.94911], [52.2869, 76.94977], [52.2869, 76.94985], [52.28691, 76.94993], [52.28693, 76.95044], [52.287, 76.95169], [52.28702, 76.95197], [52.28702, 76.95206], [52.28702, 76.95211], [52.28703, 76.95221], [52.28703, 76.9524], [52.28708, 76.95365], [52.28714, 76.95486], [52.287, 76.95488], [52.28668, 76.95491], [52.28714, 76.95486], [52.28708, 76.95365], [52.28703, 76.9524], [52.28703, 76.95221], [52.28718, 76.95219], [52.29063, 76.95186], [52.29085, 76.95184], [52.29087, 76.95213], [52.2909, 76.95291], [52.29092, 76.95359], [52.29095, 76.95448], [52.29097, 76.95482], [52.29102, 76.95613], [52.29103, 76.95636], [52.29104, 76.95655], [52.29109, 76.95816], [52.2911, 76.95844], [52.29116, 76.96038], [52.29121, 76.96144], [52.29124, 76.96211], [52.29127, 76.96284], [52.29128, 76.96305], [52.29131, 76.96394], [52.29136, 76.96511], [52.29137, 76.96551], [52.29138, 76.9657], [52.29139, 76.96598], [52.29133, 76.96621], [52.29131, 76.96627], [52.29124, 76.96656], [52.29122, 76.96669], [52.2912, 76.96681], [52.2912, 76.96697], [52.29119, 76.96721], [52.29075, 76.96724], [52.29076, 76.96782], [52.29076, 76.96784], [52.29075, 76.96786], [52.29073, 76.96787], [52.29065, 76.96789], [52.29018, 76.96788], [52.29012, 76.96788], [52.29002, 76.96793], [52.28971, 76.96796], [52.28955, 76.96801], [52.28939, 76.96843], [52.28936, 76.96867], [52.28932, 76.96971], [52.28927, 76.96976], [52.28925, 76.96979], [52.28924, 76.96984], [52.28923, 76.9699], [52.28923, 76.96997], [52.28923, 76.96998], [52.28928, 76.97135], [52.28934, 76.97261], [52.28935, 76.97267], [52.28936, 76.97274], [52.2894, 76.97285], [52.2895, 76.97285], [52.28951, 76.97337], [52.28952, 76.97397], [52.2896, 76.97406], [52.28963, 76.97527], [52.28964, 76.9754], [52.28989, 76.97541], [52.28996, 76.9756], [52.28999, 76.97586], [52.29002, 76.97645], [52.29004, 76.97677], [52.29006, 76.97702], [52.29014, 76.97865], [52.29019, 76.97946], [52.29022, 76.98107], [52.29023, 76.9817], [52.29026, 76.98238], [52.29031, 76.98356], [52.29035, 76.98463], [52.29098, 76.98457]], "проспект Назарбаева": [[52.2748, 76.95011], [52.27481, 76.95087], [52.27481, 76.95105], [52.2752, 76.95102], [52.27528, 76.95099], [52.27535, 76.95094], [52.27541, 76.95301], [52.27541, 76.95308], [52.27541, 76.95313], [52.27542, 76.95378], [52.27545, 76.95532], [52.2759, 76.95528], [52.27615, 76.95527], [52.27691, 76.9552], [52.27739, 76.95516], [52.27796, 76.95511], [52.27803, 76.95511], [52.27824, 76.95509], [52.27844, 76.95508], [52.27861, 76.95507], [52.27881, 76.95505], [52.27928, 76.95502], [52.27977, 76.95498], [52.28003, 76.95495], [52.28015, 76.95494], [52.28113, 76.95485], [52.28123, 76.95485], [52.28119, 76.95368], [52.28116, 76.95277], [52.28116, 76.95266], [52.28116, 76.9526], [52.28115, 76.95252], [52.28104, 76.95254], [52.27972, 76.95263], [52.27928, 76.95266], [52.27925, 76.95047], [52.27927, 76.95044], [52.27931, 76.95043], [52.27988, 76.95036], [52.28001, 76.95035], [52.28101, 76.95026], [52.28108, 76.95021], [52.28108, 76.95005], [52.28103, 76.94838], [52.28103, 76.94809], [52.28118, 76.94808], [52.28159, 76.94803], [52.28206, 76.94799], [52.28291, 76.9479], [52.28302, 76.94789], [52.28377, 76.94782], [52.28489, 76.94772], [52.28683, 76.94763], [52.28688, 76.94911], [52.2869, 76.94977], [52.2869, 76.94985], [52.28691, 76.94993], [52.28693, 76.95044], [52.28731, 76.95043], [52.28801, 76.95039], [52.28828, 76.95038], [52.28831, 76.95028], [52.28933, 76.95024], [52.29012, 76.95012], [52.29015, 76.95009], [52.29018, 76.95], [52.29021, 76.94997], [52.29028, 76.94997], [52.29029, 76.94986], [52.2903, 76.94978], [52.29032, 76.94974], [52.29036, 76.94971], [52.29076, 76.94967], [52.29077, 76.94972], [52.29077, 76.94986], [52.2908, 76.95083], [52.29083, 76.95133], [52.29084, 76.95158], [52.29085, 76.95172], [52.29085, 76.95178], [52.29085, 76.95184], [52.29105, 76.95182], [52.29269, 76.95164], [52.29351, 76.95155], [52.2947, 76.95142], [52.29469, 76.95134], [52.29469, 76.95127], [52.29469, 76.95121], [52.29467, 76.95073], [52.29466, 76.95011], [52.295, 76.95007]], "улица Кутузова": [[52.27801, 76.9653], [52.27772, 76.96534], [52.27762, 76.965], [52.2776, 76.96484], [52.27758, 76.96371], [52.27758, 76.9633], [52.27757, 76.96306], [52.27757, 76.96289], [52.27757, 76.96195], [52.27845, 76.96186], [52.27875, 76.96183], [52.27946, 76.96176], [52.2795, 76.96175], [52.27979, 76.96172], [52.2803, 76.96167], [52.28061, 76.96164], [52.2813, 76.96155], [52.28148, 76.96148], [52.2816, 76.9617], [52.28177, 76.96197], [52.28231, 76.96285], [52.28245, 76.96306], [52.28305, 76.96402], [52.28314, 76.96416], [52.28306, 76.96431], [52.283, 76.96441], [52.28292, 76.96456], [52.28286, 76.96466], [52.283, 76.96488], [52.283, 76.96538], [52.283, 76.965], [52.283, 76.96488], [52.28286, 76.96466], [52.28292, 76.96456], [52.283, 76.96441], [52.28306, 76.96431], [52.28314, 76.96416], [52.28366, 76.96494], [52.28375, 76.96507], [52.28387, 76.96527], [52.28399, 76.9655], [52.28407, 76.96573], [52.28412, 76.96593], [52.28406, 76.96629], [52.28403, 76.96647], [52.28398, 76.96665], [52.28392, 76.96684], [52.28387, 76.96705], [52.28384, 76.96725], [52.28384, 76.96748], [52.28384, 76.96754], [52.28385, 76.96787], [52.28408, 76.96766], [52.2844, 76.96736], [52.2846, 76.96725], [52.28477, 76.96721], [52.28579, 76.9671], [52.28901, 76.96677], [52.29087, 76.96658], [52.29124, 76.96656], [52.29161, 76.96653], [52.29151, 76.96626], [52.29148, 76.9662], [52.29139, 76.96598], [52.29073, 76.96606], [52.29035, 76.96586], [52.29015, 76.96583], [52.28902, 76.96593], [52.28901, 76.96574], [52.28899, 76.96537], [52.28917, 76.96536], [52.2892, 76.96536], [52.2893, 76.96535], [52.28935, 76.96529], [52.29001, 76.96522], [52.29088, 76.96513], [52.29118, 76.9651], [52.29128, 76.96509], [52.29136, 76.96511], [52.29137, 76.96551], [52.29138, 76.9657], [52.29139, 76.96598], [52.29133, 76.96621], [52.29131, 76.96627], [52.29124, 76.96656], [52.29161, 76.96653], [52.29172, 76.96652], [52.29189, 76.96651], [52.294, 76.96629], [52.29454, 76.96623], [52.29642, 76.96605], [52.29655, 76.96602], [52.29696, 76.96582], [52.29717, 76.96569], [52.29746, 76.9655], [52.29744, 76.96541], [52.29742, 76.96535], [52.29742, 76.96533], [52.2974, 76.96529], [52.29737, 76.96515], [52.29665, 76.96559], [52.29635, 76.9657], [52.29612, 76.96573], [52.29592, 76.96556], [52.29586, 76.96546], [52.29585, 76.9654], [52.29584, 76.96534], [52.29584, 76.96521], [52.29587, 76.96507], [52.29596, 76.96508], [52.296, 76.96508]],