{"проспект Назарбаева": [[45.02003, 78.35018], [45.0198, 78.35025], [45.01994, 78.35091], [45.01999, 78.35118], [45.02002, 78.35138], [45.02012, 78.35216], [45.02021, 78.35341], [45.02032, 78.35414], [45.02041, 78.35492], [45.02059, 78.35731], [45.02079, 78.35944], [45.02084, 78.36146], [45.02021, 78.36148], [45.02023, 78.36264], [45.02047, 78.3626], [45.02046, 78.36334], [45.02024, 78.36334], [45.02021, 78.36404], [45.01919, 78.36399], [45.01918, 78.36424], [45.01918, 78.36424], [45.01919, 78.36399], [45.02021, 78.36404], [45.02024, 78.36334], [45.02046, 78.36334], [45.02047, 78.3626], [45.02023, 78.36264], [45.02021, 78.36148], [45.01773, 78.36169], [45.01687, 78.36186], [45.01644, 78.36195], [45.01639, 78.36196], [45.01632, 78.36198], [45.01644, 78.36361], [45.01645, 78.36374], [45.01651, 78.36445], [45.01658, 78.36541], [45.01667, 78.36694], [45.01675, 78.3681], [45.01681, 78.36894], [45.01681, 78.36903], [45.01688, 78.37003], [45.0169, 78.37033], [45.01692, 78.37061], [45.017, 78.37189], [45.01706, 78.37272], [45.01713, 78.37397], [45.0172, 78.37489], [45.01723, 78.37535], [45.01724, 78.37552], [45.01729, 78.37617], [45.0173, 78.37627], [45.01734, 78.37668], [45.01738, 78.37711], [45.0174, 78.37734], [45.01741, 78.37755], [45.01743, 78.37768], [45.01748, 78.37819], [45.01752, 78.37863], [45.01757, 78.37911], [45.0176, 78.37941], [45.01775, 78.37938], [45.01791, 78.37936], [45.01801, 78.37934], [45.01808, 78.38007], [45.01807, 78.37999], [45.01801, 78.37934], [45.01791, 78.37936], [45.01775, 78.37938], [45.0176, 78.37941], [45.01767, 78.38013], [45.01769, 78.38032], [45.01781, 78.38031], [45.01806, 78.38028], [45.01828, 78.38026], [45.01852, 78.38023], [45.01917, 78.38016], [45.01978, 78.3801], [45.01984, 78.38009], [45.01984, 78.38019], [45.0199, 78.38134], [45.01993, 78.38179], [45.01994, 78.38211], [45.01999, 78.38308], [45.02, 78.38313], [45.01997, 78.38343], [45.02, 78.38469], [45.02006, 78.38703], [45.02018, 78.38911], [45.02024, 78.39005], [45.02024, 78.39018], [45.01996, 78.39021], [45.01911, 78.39031], [45.01835, 78.39041], [45.01826, 78.39042], [45.01827, 78.39053], [45.01831, 78.39107], [45.01835, 78.39169], [45.01837, 78.39203], [45.01843, 78.39276], [45.01845, 78.39311], [45.0185, 78.39373], [45.01864, 78.39552], [45.01864, 78.39556], [45.01865, 78.3957], [45.01854, 78.39579], [45.01845, 78.39584], [45.01801, 78.39605], [45.01802, 78.39481], [45.018, 78.39473], [45.01791, 78.39469], [45.01731, 78.39479]], "улица Жансугурова": [[45.01498, 78.35483], [45.01509, 78.35481], [45.01513, 78.3548], [45.01535, 78.35474], [45.01559, 78.35468], [45.01573, 78.35465], [45.01588, 78.35461], [45.01592, 78.35552], [45.01595, 78.35596], [45.01602, 78.35699], [45.01605, 78.35739], [45.01611, 78.35841], [45.01619, 78.35985], [45.01622, 78.36041], [45.01627, 78.36114], [45.01632, 78.36198], [45.01644, 78.36361], [45.01645, 78.36374], [45.01651, 78.36445], [45.01658, 78.36541], [45.01667, 78.36694], [45.01675, 78.3681], [45.01681, 78.36894], [45.01681, 78.36903], [45.01688, 78.37003], [45.0169, 78.37033], [45.01679, 78.37034], [45.01636, 78.3704], [45.0161, 78.37043], [45.01612, 78.37094], [45.016, 78.37096], [45.01556, 78.37099], [45.01518, 78.37102], [45.01515, 78.36997], [45.01515, 78.36999], [45.01518, 78.37102], [45.01478, 78.37105], [45.01452, 78.37106], [45.01452, 78.37129], [45.01464, 78.3727], [45.01426, 78.37271], [45.01385, 78.37271], [45.01363, 78.37272], [45.01352, 78.37272], [45.01318, 78.37272], [45.0129, 78.37273], [45.01276, 78.37273], [45.01281, 78.37317], [45.01287, 78.37372], [45.0129, 78.37406], [45.01293, 78.37428], [45.01301, 78.37504], [45.01301, 78.37512], [45.01309, 78.37582], [45.01317, 78.37674], [45.01325, 78.37768], [45.01333, 78.37857], [45.01336, 78.379], [45.0134, 78.37943], [45.0134, 78.37948], [45.01344, 78.37978], [45.01348, 78.38028], [45.01353, 78.3807], [45.01354, 78.38087], [45.01366, 78.38215], [45.0137, 78.3826], [45.01372, 78.38282], [45.01377, 78.38331], [45.01384, 78.38411], [45.01398, 78.38409], [45.01423, 78.38404], [45.01428, 78.38403], [45.01431, 78.38402], [45.01464, 78.38397], [45.01469, 78.38397], [45.01474, 78.38457], [45.01508, 78.38456], [45.0151, 78.38499]], "улица Тауелсиздик": [[45.012, 78.36003], [45.01208, 78.36001], [45.01218, 78.36095], [45.01261, 78.36091], [45.01368, 78.3607], [45.01369, 78.36092], [45.01447, 78.36076], [45.0144, 78.36014], [45.0146, 78.3601], [45.0146, 78.3601], [45.0144, 78.36014], [45.01447, 78.36076], [45.0154, 78.36057], [45.01556, 78.36054], [45.01596, 78.36046], [45.01613, 78.36043], [45.01622, 78.36041], [45.01627, 78.36114], [45.01632, 78.36198], [45.01639, 78.36196], [45.01644, 78.36195], [45.01687, 78.36186], [45.01773, 78.36169], [45.01768, 78.36098], [45.01759, 78.35987], [45.01811, 78.35971], [45.01813, 78.36059], [45.01821, 78.36065], [45.02003, 78.36044], [45.02029, 78.36041], [45.02034, 78.36032], [45.02033, 78.35943], [45.02079, 78.35944], [45.02084, 78.36146], [45.022, 78.36143], [45.02379, 78.36124], [45.02402, 78.36119], [45.02451, 78.36104], [45.02445, 78.36021], [45.02501, 78.36013]], "улица Шевченко": [[45.013, 78.375], [45.01301, 78.37504], [45.01301, 78.37512], [45.01309, 78.37582], [45.01322, 78.37581], [45.01353, 78.37579], [45.01374, 78.37577], [45.0142, 78.37573], [45.01434, 78.37572], [45.01446, 78.37571], [45.0149, 78.37567], [45.01553, 78.37563], [45.01625, 78.37558], [45.01622, 78.37491], [45.01661, 78.37488], [45.01688, 78.37487], [45.01697, 78.37491], [45.017, 78.3749], [45.01707, 78.3749], [45.0172, 78.37489], [45.01723, 78.37535], [45.01724, 78.37552], [45.0173, 78.37551], [45.01736, 78.37551], [45.01738, 78.37551], [45.01761, 78.37549], [45.01798, 78.37546], [45.0182, 78.37544], [45.01821, 78.37544], [45.01865, 78.3754], [45.01879, 78.37539], [45.01898, 78.37537], [45.01941, 78.37533], [45.01968, 78.37531], [45.0197, 78.37531], [45.01977, 78.3753], [45.0215, 78.37515], [45.022, 78.3751]]}