{"проспект Мира": [[47.7861, 67.6952], [47.78647, 67.69478], [47.78694, 67.69573], [47.78732, 67.69644], [47.7877, 67.69718], [47.78816, 67.6981], [47.78729, 67.69909], [47.78642, 67.70008], [47.78564, 67.70096], [47.78548, 67.70114], [47.78497, 67.70172], [47.78446, 67.70228], [47.78443, 67.70232], [47.78341, 67.70354], [47.78349, 67.70371], [47.78423, 67.7051], [47.78454, 67.70474], [47.78459, 67.70471], [47.78464, 67.70471], [47.78475, 67.70492], [47.78475, 67.70492], [47.78464, 67.70471], [47.78459, 67.70471], [47.78454, 67.70474], [47.78423, 67.7051], [47.78423, 67.70511], [47.78533, 67.70718], [47.78554, 67.70765], [47.78584, 67.70849], [47.78658, 67.71086], [47.78637, 67.71097], [47.78608, 67.71114], [47.78602, 67.71118], [47.78592, 67.71101], [47.78569, 67.7104], [47.78562, 67.71022], [47.78557, 67.71022], [47.7854, 67.71035], [47.78479, 67.7109], [47.78448, 67.71109], [47.78441, 67.71116], [47.78448, 67.71151], [47.78461, 67.71191], [47.78472, 67.71233], [47.78474, 67.7126], [47.78467, 67.71282], [47.78459, 67.71289], [47.78441, 67.71298], [47.78428, 67.71302], [47.78408, 67.71312], [47.78383, 67.71336], [47.78361, 67.71357], [47.78368, 67.71382], [47.78406, 67.71495], [47.78464, 67.71665], [47.78575, 67.71943], [47.78598, 67.71968], [47.78631, 67.71981], [47.78629, 67.72], [47.78631, 67.72019], [47.7864, 67.72047], [47.78706, 67.72178], [47.78825, 67.72393], [47.78803, 67.72444], [47.78726, 67.72611], [47.7864, 67.72505], [47.78615, 67.72474], [47.78378, 67.72271], [47.78356, 67.72259], [47.7833, 67.72254], [47.78302, 67.72273], [47.78243, 67.72333], [47.78229, 67.72358], [47.78226, 67.72371], [47.78222, 67.72386], [47.78221, 67.72428], [47.78233, 67.72472], [47.78264, 67.72512], [47.78289, 67.72531]], "проспект Металлургов": [[47.78178, 67.70006], [47.78181, 67.7003], [47.78188, 67.70056], [47.78235, 67.70151], [47.78341, 67.70354], [47.78349, 67.70371], [47.78308, 67.7042], [47.78233, 67.70463], [47.78198, 67.70486], [47.78169, 67.7052], [47.78157, 67.70541], [47.78151, 67.70582], [47.78169, 67.70675], [47.7821, 67.70818], [47.78269, 67.71015], [47.78245, 67.71032], [47.78217, 67.7098], [47.78208, 67.70962], [47.78148, 67.70844], [47.78121, 67.7079], [47.78072, 67.70686], [47.78121, 67.7079], [47.78148, 67.70844], [47.78208, 67.70962], [47.78245, 67.71032], [47.78269, 67.71015], [47.78284, 67.71065], [47.7833, 67.71238], [47.78361, 67.71357], [47.78368, 67.71382], [47.78464, 67.71665], [47.78575, 67.71943], [47.78598, 67.71968], [47.78631, 67.71981], [47.78629, 67.72], [47.78631, 67.72019], [47.7864, 67.72047], [47.78706, 67.72178], [47.78825, 67.72393], [47.78803, 67.72444], [47.78726, 67.72611], [47.7864, 67.72505], [47.78615, 67.72474], [47.78378, 67.72271], [47.78394, 67.72228], [47.78503, 67.72096], [47.78515, 67.72076], [47.78516, 67.72066], [47.78514, 67.72055], [47.78511, 67.72043], [47.78503, 67.72028], [47.78475, 67.7198], [47.78465, 67.71953], [47.7846, 67.71931], [47.78263, 67.72029], [47.78245, 67.72039], [47.78226, 67.72049], [47.78195, 67.72009]], "улица Абая": [[47.77992, 67.70499], [47.78008, 67.70276], [47.78004, 67.70289], [47.77987, 67.70306], [47.77931, 67.70329], [47.77914, 67.70337], [47.77825, 67.70142], [47.7778, 67.70186], [47.77764, 67.702], [47.77762, 67.70194], [47.77759, 67.70188], [47.77775, 67.70175], [47.77821, 67.70132], [47.77866, 67.70089], [47.77903, 67.70051], [47.77927, 67.70026], [47.7794, 67.70002], [47.7804, 67.69892], [47.7802, 67.69843], [47.77985, 67.69744], [47.77982, 67.69711], [47.77976, 67.69683], [47.77942, 67.6959], [47.77904, 67.69501], [47.77884, 67.69461], [47.77854, 67.69398], [47.77849, 67.69389], [47.77998, 67.69208], [47.78004, 67.6922], [47.78023, 67.69256], [47.78067, 67.69338], [47.78177, 67.69546], [47.78204, 67.696], [47.78227, 67.69645], [47.78236, 67.69669], [47.78243, 67.69693], [47.78245, 67.69709], [47.78245, 67.69727], [47.78246, 67.69744], [47.78244, 67.69756], [47.78243, 67.69772], [47.78238, 67.69789], [47.78227, 67.69813], [47.78203, 67.69854], [47.78193, 67.69873], [47.78184, 67.69897], [47.78179, 67.69929], [47.78177, 67.69964], [47.78178, 67.7], [47.78181, 67.7003], [47.78188, 67.70056], [47.78235, 67.70151], [47.78341, 67.70354], [47.78349, 67.70371], [47.78308, 67.7042], [47.78283, 67.70434], [47.78233, 67.70463], [47.78198, 67.70486], [47.78169, 67.7052], [47.78157, 67.70541], [47.78151, 67.70582], [47.78169, 67.70675], [47.7821, 67.70818], [47.78269, 67.71015], [47.78284, 67.71065], [47.7833, 67.71238], [47.78361, 67.71357], [47.78383, 67.71336], [47.78408, 67.71312], [47.78428, 67.71302], [47.78441, 67.71298], [47.78459, 67.71289], [47.78467, 67.71282], [47.78474, 67.7126], [47.78472, 67.71233], [47.78461, 67.71191], [47.78448, 67.71151], [47.78441, 67.71116], [47.78448, 67.71109], [47.78479, 67.7109], [47.7854, 67.71035], [47.78557, 67.71022], [47.78562, 67.71022], [47.78569, 67.7104], [47.78592, 67.71101], [47.78602, 67.71118], [47.78608, 67.71114], [47.78637, 67.71097], [47.78658, 67.71086], [47.78687, 67.71061], [47.78695, 67.71052], [47.78743, 67.70942], [47.78749, 67.70927], [47.78792, 67.70829], [47.78779, 67.70796], [47.78696, 67.70565], [47.78688, 67.70545], [47.7871, 67.70519]], "улица Алаш": [[47.7809, 67.71449], [47.78184, 67.7141], [47.78227, 67.71525], [47.78234, 67.7153], [47.78239, 67.7154], [47.78255, 67.71576], [47.7826, 67.71582], [47.78269, 67.7159], [47.78281, 67.71606], [47.78296, 67.71634], [47.78325, 67.71704], [47.78334, 67.71711], [47.78342, 67.71717], [47.78363, 67.71721], [47.78375, 67.71724], [47.78383, 67.71731], [47.78391, 67.71738], [47.78398, 67.71747], [47.78413, 67.71785], [47.78448, 67.71883], [47.7846, 67.71931], [47.78465, 67.71953], [47.78475, 67.7198], [47.78503, 67.72028], [47.78511, 67.72043], [47.78514, 67.72055], [47.78516, 67.72066], [47.78515, 67.72076], [47.78503, 67.72096], [47.78394, 67.72228], [47.78378, 67.72271], [47.78615, 67.72474], [47.7864, 67.72505], [47.78726, 67.72611], [47.78803, 67.72444], [47.78825, 67.72393], [47.78706, 67.72178], [47.7864, 67.72047], [47.78631, 67.72019], [47.78629, 67.72], [47.78631, 67.71981], [47.78598, 67.71968], [47.78575, 67.71943], [47.78464, 67.71665], [47.78406, 67.71495], [47.78368, 67.71382], [47.78361, 67.71357], [47.78383, 67.71336], [47.78408, 67.71312], [47.78428, 67.71302], [47.78441, 67.71298], [47.78459, 67.71289], [47.78467, 67.71282], [47.78474, 67.7126], [47.78472, 67.71233], [47.78461, 67.71191], [47.78448, 67.71151], [47.78441, 67.71116], [47.78448, 67.71109], [47.78479, 67.7109], [47.7854, 67.71035], [47.78557, 67.71022], [47.78562, 67.71022], [47.78569, 67.7104], [47.78592, 67.71101], [47.78602, 67.71118], [47.78608, 67.71114], [47.78637, 67.71097], [47.78658, 67.71086], [47.78719, 67.71276], [47.78735, 67.71326], [47.78771, 67.71438], [47.78796, 67.71504]]}